file,source,bytes,sha256,status
metadata/baseline_core_450.csv,/Users/steven/Desktop/PhD Project - 1/ONE_IBD_adults_only_rerun/13_eligible_enriched_v1/clinical/metadata_core_eligible_all_450.csv,129503,586e951a561ee25af5ccc9b606b681b094c18222654acc9a945108aeaa294f38,IBDQ_domains_appended
metadata/baseline_full_450.csv,/Users/steven/Desktop/PhD Project - 1/ONE_IBD_adults_only_rerun/13_eligible_enriched_v1/clinical/metadata_eligible_all_450.csv,312337,3af1c006de5c1d8f888c10634b87b34f803493358788141bdb26760e88ecce6d,IBDQ_domains_appended
metadata/followup_long_323.csv,/Users/steven/Desktop/PhD Project - 1/ONE_IBD_adults_only_rerun/13_eligible_enriched_v1/clinical/followup_long_postbaseline_eligible_ibd.csv,94137,86bc2c8bee143cd6ad74bb301c74aa1e72036c08e2cd25fab711e58f55644f85,IBDQ_domains_appended
metadata/excluded_known_positive_44.csv,/Users/steven/Desktop/PhD Project - 1/ONE_IBD_adults_only_rerun/13_eligible_enriched_v1/clinical/excluded_known_positive_44.csv,9693,9094bde5fa4c8c6a42133fc972a75a8fb58ba272c539dca23f93b41131417b14,copied_exact
metadata/fecal_model_metadata_299.csv,/Users/steven/Desktop/PhD Project - 1/ONE_IBD_adults_only_rerun/13_eligible_enriched_v1/omics/fecal_metabolomics/full_panel/metadata_original_model_fields.csv,29821,ca2ac334d89392bbacfb71c11139eb503bbde3e17dab7b7b8b7ae0c237863318,copied_exact
microbiome/mt_ibd_283.rds,/Users/steven/Desktop/PhD Project - 1/ONE_IBD_adults_only_rerun/13_eligible_enriched_v1/omics/microbiome/mt_ibd_eligible.rds,205441,4794cb10c59f84d4f7d5011a9c204c99da4836def4942a10c86703d4421a6b46,IBDQ_domains_appended
microbiome/mt_all_449.rds,/Users/steven/Desktop/PhD Project - 1/ONE_IBD_adults_only_rerun/13_eligible_enriched_v1/omics/microbiome/mt_all_eligible.rds,348444,9b027b913a7eb91189436086e12f6b638a3299509f2b2395989046c21d0f5521,IBDQ_domains_appended
metabolomics/full_panel/raw_1017x299.csv,/Users/steven/Desktop/PhD Project - 1/ONE_IBD_adults_only_rerun/13_eligible_enriched_v1/omics/fecal_metabolomics/full_panel/raw_eligible_features_by_samples.csv,5026005,d699d3193481382a6392a6bec3c9fe82beb2e874e325579daaff97d4e422ed42,copied_exact
metabolomics/full_panel/normalized_1017x299.csv,/Users/steven/Desktop/PhD Project - 1/ONE_IBD_adults_only_rerun/13_eligible_enriched_v1/omics/fecal_metabolomics/full_panel/normalized_eligible_features_by_samples.csv,5577792,8a106212de3e83ca2144e4962b594051d65057ffa65b2154df5dc0a8529c167b,copied_exact
metabolomics/full_panel/feature_annotation.csv,/Users/steven/Desktop/PhD Project - 1/ONE_IBD_adults_only_rerun/13_eligible_enriched_v1/omics/fecal_metabolomics/full_panel/feature_annotation.csv,77654,98c4f54b66754305f8639cabf3d1e8dbf2c36e30ff005f14c02e57319145bdb2,copied_exact
metabolomics/full_panel/input_eligible.rds,/Users/steven/Desktop/PhD Project - 1/ONE_IBD_adults_only_rerun/13_eligible_enriched_v1/omics/fecal_metabolomics/full_panel/input_eligible.rds,4442073,9c717f1cec5656284d93fa40dbe2fe37c18ae7a95d2d38f164d1cad13e01bdde,IBDQ_domains_appended
metabolomics/HMDB_only/raw_797x299.csv,/Users/steven/Desktop/PhD Project - 1/ONE_IBD_adults_only_rerun/13_eligible_enriched_v1/omics/fecal_metabolomics/HMDB_only/raw_eligible_features_by_samples.csv,3624811,645c594eebd2297690ba9e98bd0d210ae1bc3da20e3acb9e7af8771da635967f,copied_exact
metabolomics/HMDB_only/normalized_797x299.csv,/Users/steven/Desktop/PhD Project - 1/ONE_IBD_adults_only_rerun/13_eligible_enriched_v1/omics/fecal_metabolomics/HMDB_only/normalized_eligible_features_by_samples.csv,4370582,b1dbf41b2cf212548b10519d2f35d007fcbc51fead7f7171b1fa3186ecd77bae,copied_exact
metabolomics/HMDB_only/feature_annotation.csv,/Users/steven/Desktop/PhD Project - 1/ONE_IBD_adults_only_rerun/13_eligible_enriched_v1/omics/fecal_metabolomics/HMDB_only/feature_annotation.csv,134529,f1eeb9a5c5102251bc19ffe50814c7b6832ec5628ed88ed2c50f428c5b4ceb92,copied_exact
metabolomics/HMDB_only/input_eligible.rds,/Users/steven/Desktop/PhD Project - 1/ONE_IBD_adults_only_rerun/13_eligible_enriched_v1/omics/fecal_metabolomics/HMDB_only/input_eligible.rds,3423839,2de15e2e27b4d52390b234ef271fb6a519c7b2045a803f8ca8d491b26aa6cc9a,IBDQ_domains_appended
paired_ibd_250.csv,/Users/steven/Desktop/PhD Project - 1/ONE_IBD_adults_only_rerun/13_eligible_enriched_v1/omics/paired_ibd_eligible_sample_ids.csv,8229,ccaa710ec10291e30a67a9047177c1faa5572cfa92952ffd12fae0e5af58774a,copied_exact
